# cluster	date	cost_lines	file	theorem  (generated by scripts/abstraction_census.py)
C1-run-algebra	2026-08-24T12:34:48-04:00	7	Vsa/Machine.lean	Step.deterministic
C1-run-algebra	2026-08-24T12:34:48-04:00	7	Vsa/Machine.lean	Halted.deterministic
C1-run-algebra	2026-08-24T12:34:48-04:00	6	Vsa/Machine.lean	Step.not_halted
C1-run-algebra	2026-08-24T12:34:48-04:00	5	Vsa/Machine.lean	Steps.halted_start
C1-run-algebra	2026-08-24T12:34:48-04:00	12	Vsa/Machine.lean	Steps.confluence_halted
C1-run-algebra	2026-08-24T12:34:48-04:00	8	Vsa/Machine.lean	Halts.deterministic
C1-run-algebra	2026-08-24T12:34:48-04:00	15	Vsa/Machine.lean	StepsN.halted_no_extension
C1-run-algebra	2026-08-24T12:34:48-04:00	6	Vsa/Machine.lean	Steps.toN
C1-run-algebra	2026-08-24T12:34:48-04:00	6	Vsa/Machine.lean	Diverges.not_halts
C1-run-algebra	2026-08-24T12:34:48-04:00	5	Vsa/Triple.lean	Steps.trans
C1-run-algebra	2026-08-24T12:34:48-04:00	5	Vsa/Triple.lean	StepsN.trans_add
C1-run-algebra	2026-08-24T12:34:48-04:00	5	Vsa/Triple.lean	StepsN.toSteps
C1-run-algebra	2026-09-22T20:51:40-04:00	5	VsaIris/Machine.lean	trans
C1-run-algebra	2026-09-22T20:51:40-04:00	3	VsaIris/Machine.lean	snoc
C1-run-algebra	2026-09-22T20:51:40-04:00	11	VsaIris/Machine.lean	split
C1-run-algebra	2026-09-22T20:51:40-04:00	2	VsaIris/Machine.lean	zero_eq
C1-run-algebra	2026-09-23T09:18:06-04:00	4	VsaIris/Adequacy.lean	ReachesN.reaches
C1-run-algebra	2026-09-23T09:18:06-04:00	5	VsaIris/Adequacy.lean	erased_of_reachesN
C1-run-algebra	2026-09-29T17:04:06Z	2	OCaml/Bytecode/Semantics.lean	Step.det
C1-run-algebra	2026-09-29T17:04:06Z	3	OCaml/Bytecode/Semantics.lean	StepsN.det
C1-run-algebra	2026-09-29T17:04:06Z	3	OCaml/Bytecode/Semantics.lean	StepsN.snoc
C1-run-algebra	2026-09-29T17:04:06Z	4	OCaml/Bytecode/Semantics.lean	StepsN.stop
C1-run-algebra	2026-09-29T17:04:06Z	6	OCaml/Bytecode/Semantics.lean	halts_or_diverges
C1-run-algebra	2026-09-29T17:04:06Z	3	OCaml/Bytecode/Semantics.lean	BcHalts.not_diverges
C1-run-algebra	2026-09-29T17:04:06Z	3	OCaml/Bytecode/Semantics.lean	StepsN.prefix
C1-run-algebra	2026-09-29T17:04:06Z	4	OCaml/Bytecode/Semantics.lean	BcHalts.det
C1-run-algebra	2026-09-29T17:04:06Z	3	OCaml/Refinement.lean	Vsa.Machine.StepsN.append
C1-run-algebra	2026-09-29T17:04:06Z	2	OCaml/Refinement.lean	Vsa.Machine.Steps.trans'
C1-run-algebra	2026-09-29T17:04:06Z	3	OCaml/Refinement.lean	Vsa.Machine.Halts.of_steps
C1-run-algebra	2026-09-29T17:04:06Z	2	OCaml/Refinement.lean	Vsa.Machine.StepsN.prefix'
C1-run-algebra	2026-09-29T17:04:06Z	5	OCaml/Logic/BcModel.lean	reaches_stepsN
C2-checker-soundness	2026-09-29T17:04:06Z	16	OCaml/Bytecode/Load.lean	runTo_sound
C2-checker-soundness	2026-09-29T17:04:06Z	4	OCaml/Bytecode/Load.lean	bcHalts_of_runTo
C2-checker-soundness	2026-09-29T17:04:06Z	6	OCaml/Logic/BcModel.lean	halts_bcHalts
C2-checker-soundness	2026-09-29T22:25:16Z	5	tcb/TCB/Os/Syscall.lean	allowed_sound
C2-checker-soundness	2026-09-29T22:25:16Z	6	tcb/TCB/Os/Syscall.lean	allowed_complete
C2-checker-soundness	2026-09-29T22:25:16Z	20	tcb/TCB/Os/Syscall.lean	checkFrom_sound
C2-checker-soundness	2026-09-29T22:25:16Z	7	tcb/TCB/Os/Syscall.lean	checkTrace_sound
C3-relocation	2026-09-30T05:53:26Z	12	OCaml/Vm/Reloc.lean	valWord_relocates
C3-relocation	2026-09-30T05:53:26Z	13	OCaml/Vm/Reloc.lean	objAt_reloc
C3-relocation	2026-09-30T05:53:26Z	6	OCaml/Vm/Reloc.lean	stackRepr_reloc
C3-relocation	2026-09-30T05:53:26Z	15	OCaml/Vm/Reloc.lean	heapRepr_reloc
C3-relocation	2026-09-30T05:53:26Z	5	OCaml/Vm/Reloc.lean	globals_reloc
C3-relocation	2026-10-01T17:53:49Z	33	OCaml/Vm/Reloc.lean	vmReprAt_reloc
C3-relocation	2026-10-01T18:14:18Z	10	OCaml/Vm/Gc/Invariant.lean	LoopHead.reloc
C4-bytecode-specs	2026-09-30T05:53:26Z	8	OCaml/Programs/CountLoop.lean	loopN_body
C4-bytecode-specs	2026-09-30T05:53:26Z	7	OCaml/Programs/CountLoop.lean	loopN_exit
C4-bytecode-specs	2026-09-30T05:53:26Z	22	OCaml/Programs/CountLoop.lean	loopN_reaches
